{
  "optimal_obj": 1190729.5223272727,
  "total_spilled": 8255.732772727271,
  "initial_columns": 376,
  "final_columns": 472,
  "iterations": 48,
  "total_runtime_s": 465.87270000000717,
  "first5_itineraries_t": {
    "0": {
      "0": 0.0,
      "4": 83.0,
      "artificial": 0.0
    },
    "1": {
      "1": 0.0,
      "3": 0.0,
      "6": 0.0,
      "7": 0.0,
      "artificial": 0.0
    },
    "2": {
      "2": 0.0,
      "artificial": 15.0
    },
    "3": {
      "1": 96.0,
      "3": 0.0,
      "artificial": 0.0
    },
    "4": {
      "0": 0.0,
      "4": 0.0,
      "5": 26.304499999999997,
      "artificial": 0.0
    },
    "5": {
      "4": 29.050000000000004,
      "5": 0.0,
      "7": 0.0,
      "artificial": 0.0
    },
    "6": {
      "1": 0.0,
      "6": 0.0,
      "artificial": 0.0
    },
    "7": {
      "1": 0.0,
      "5": 91.0,
      "7": 0.0,
      "artificial": 0.0
    },
    "8": {
      "8": 0.0,
      "artificial": 34.0
    },
    "9": {
      "9": 0.0,
      "13": 23.0,
      "artificial": 0.0
    },
    "10": {
      "10": 0.0,
      "12": 2.0,
      "artificial": 0.0
    },
    "11": {
      "11": 0.0,
      "artificial": 55.0
    },
    "12": {
      "10": 0.0,
      "12": 0.0,
      "13": 0.0,
      "artificial": 0.0
    },
    "13": {
      "9": 0.0,
      "12": 0.0,
      "13": 0.0,
      "14": 0.0,
      "90": 0.0,
      "artificial": 0.0
    },
    "14": {
      "13": 13.0,
      "14": 0.0,
      "artificial": 0.0
    },
    "15": {
      "15": 0.0,
      "16": 217.3913043478261,
      "artificial": 12.728695652173883
    },
    "16": {
      "15": 52.0,
      "16": 0.0,
      "artificial": 0.0
    },
    "17": {
      "17": 0.0,
      "18": 267.85714285714283,
      "artificial": 324.14285714285717
    },
    "18": {
      "17": 0.0,
      "18": 0.0,
      "artificial": 17.0
    },
    "19": {
      "19": 0.0,
      "20": 0.0,
      "21": 0.0,
      "23": 0.0,
      "25": 0.0,
      "27": 0.0,
      "94": 0.0,
      "artificial": 0.0
    },
    "20": {
      "19": 92.0,
      "20": 0.0,
      "21": 0.0,
      "26": 0.0,
      "94": 0.0,
      "artificial": 0.0
    },
    "21": {
      "19": 0.0,
      "20": 0.0,
      "21": 0.0,
      "23": 0.0,
      "25": 0.0,
      "94": 0.0,
      "artificial": 0.0
    },
    "22": {
      "22": 0.0,
      "artificial": 1.0
    },
    "23": {
      "19": 0.0,
      "21": 0.0,
      "23": 0.0,
      "24": 0.0,
      "25": 0.0,
      "27": 0.0,
      "94": 0.0,
      "artificial": 0.0
    },
    "24": {
      "23": 81.81818181818181,
      "24": 0.0,
      "25": 45.18181818181819,
      "94": 0.0,
      "artificial": 0.0
    },
    "25": {
      "19": 0.0,
      "21": 0.0,
      "23": 0.0,
      "24": 0.0,
      "25": 0.0,
      "26": 0.0,
      "27": 0.0,
      "artificial": 0.0
    },
    "26": {
      "20": 0.0,
      "25": 56.0,
      "26": 0.0,
      "27": 0.0,
      "94": 0.0,
      "artificial": 0.0
    },
    "27": {
      "19": 0.0,
      "23": 0.0,
      "25": 58.0,
      "26": 0.0,
      "27": 0.0,
      "artificial": 0.0
    },
    "28": {
      "28": 0.0,
      "artificial": 221.0
    },
    "29": {
      "29": 0.0,
      "artificial": 0.0
    },
    "30": {
      "30": 0.0,
      "artificial": 60.0
    },
    "31": {
      "31": 0.0,
      "33": 0.0,
      "34": 0.0,
      "35": 0.0,
      "36": 98.41272727272727,
      "artificial": 0.0
    },
    "32": {
      "32": 0.0,
      "33": 0.0,
      "35": 0.0,
      "36": 0.0,
      "artificial": 0.0
    },
    "33": {
      "31": 0.0,
      "32": 0.0,
      "33": 0.0,
      "35": 0.0,
      "artificial": 0.0
    },
    "34": {
      "31": 232.3030303030303,
      "34": 0.0,
      "35": 69.69696969696969,
      "36": 0.0,
      "artificial": 0.0
    },
    "35": {
      "31": 0.0,
      "32": 0.0,
      "33": 0.0,
      "34": 0.0,
      "35": 0.0,
      "artificial": 0.0
    },
    "36": {
      "31": 0.0,
      "32": 0.0,
      "34": 0.0,
      "36": 0.0,
      "artificial": 0.0
    },
    "37": {
      "37": 0.0,
      "artificial": 61.0
    },
    "38": {
      "38": 0.0,
      "artificial": 75.0
    },
    "39": {
      "39": 0.0,
      "artificial": 159.0
    },
    "40": {
      "40": 0.0,
      "artificial": 6.0
    },
    "41": {
      "41": 0.0,
      "artificial": 159.0
    },
    "42": {
      "42": 0.0,
      "artificial": 42.0
    },
    "43": {
      "43": 0.0,
      "artificial": 42.0
    },
    "44": {
      "44": 0.0,
      "artificial": 0.0
    },
    "45": {
      "45": 0.0,
      "artificial": 24.0
    },
    "46": {
      "46": 0.0,
      "artificial": 39.0
    },
    "47": {
      "47": 0.0,
      "artificial": 41.0
    },
    "48": {
      "48": 0.0,
      "artificial": 337.0
    },
    "49": {
      "49": 0.0,
      "artificial": 78.0
    },
    "50": {
      "50": 0.0,
      "artificial": 27.0
    },
    "51": {
      "51": 0.0,
      "artificial": 61.0
    },
    "52": {
      "52": 0.0,
      "artificial": 76.0
    },
    "53": {
      "53": 0.0,
      "artificial": 42.0
    },
    "54": {
      "54": 0.0,
      "56": 0.0,
      "artificial": 0.0
    },
    "55": {
      "55": 0.0,
      "artificial": 56.0
    },
    "56": {
      "54": 0.0,
      "56": 0.0,
      "artificial": 0.0
    },
    "57": {
      "57": 0.0,
      "artificial": 147.0
    },
    "58": {
      "58": 0.0,
      "artificial": 62.0
    },
    "59": {
      "59": 0.0,
      "artificial": 79.0
    },
    "60": {
      "60": 0.0,
      "artificial": 34.0
    },
    "61": {
      "61": 0.0,
      "artificial": 81.0
    },
    "62": {
      "62": 0.0,
      "artificial": 5.0
    },
    "63": {
      "63": 0.0,
      "artificial": 27.0
    },
    "64": {
      "64": 0.0,
      "artificial": 159.0
    },
    "65": {
      "65": 0.0,
      "artificial": 6.0
    },
    "66": {
      "66": 0.0,
      "artificial": 29.0
    },
    "67": {
      "67": 0.0,
      "artificial": 87.38
    },
    "68": {
      "68": 0.0,
      "artificial": 0.0
    },
    "69": {
      "69": 0.0,
      "artificial": 152.0
    },
    "70": {
      "70": 0.0,
      "71": 55.0,
      "artificial": 0.0
    },
    "71": {
      "70": 0.0,
      "71": 0.0,
      "artificial": 8.0
    },
    "72": {
      "72": 0.0,
      "artificial": 17.0
    },
    "73": {
      "73": 0.0,
      "artificial": 72.0
    },
    "74": {
      "74": 0.0,
      "artificial": 2.0
    },
    "75": {
      "75": 0.0,
      "artificial": 112.62
    },
    "76": {
      "76": 0.0,
      "artificial": 7.0
    },
    "77": {
      "77": 0.0,
      "artificial": 20.0
    },
    "78": {
      "78": 0.0,
      "artificial": 151.0
    },
    "79": {
      "79": 0.0,
      "artificial": 0.0
    },
    "80": {
      "80": 0.0,
      "artificial": 594.0
    },
    "81": {
      "81": 0.0,
      "artificial": 11.0
    },
    "82": {
      "82": 0.0,
      "artificial": 135.0
    },
    "83": {
      "83": 0.0,
      "artificial": 83.0
    },
    "84": {
      "84": 0.0,
      "artificial": 0.0
    },
    "85": {
      "85": 0.0,
      "artificial": 337.0
    },
    "86": {
      "86": 0.0,
      "artificial": 89.0
    },
    "87": {
      "87": 0.0,
      "artificial": 135.0
    },
    "88": {
      "88": 0.0,
      "artificial": 151.0
    },
    "89": {
      "89": 0.0,
      "artificial": 45.0
    },
    "90": {
      "13": 0.0,
      "90": 0.0,
      "artificial": 0.0
    },
    "91": {
      "91": 0.0,
      "artificial": 433.0
    },
    "92": {
      "92": 0.0,
      "artificial": 291.0
    },
    "93": {
      "93": 0.0,
      "artificial": 66.0
    },
    "94": {
      "19": 0.0,
      "20": 0.0,
      "21": 80.0,
      "23": 0.0,
      "24": 0.0,
      "26": 0.0,
      "94": 0.0,
      "artificial": 0.0
    },
    "95": {
      "95": 0.0,
      "artificial": 358.0
    },
    "96": {
      "96": 0.0,
      "artificial": 177.0
    },
    "97": {
      "97": 0.0,
      "artificial": 60.0
    },
    "98": {
      "98": 0.0,
      "artificial": 397.0
    },
    "99": {
      "99": 0.0,