{
  "optimal_obj": 1190729.5223272727,
  "total_spilled": 8255.732772727271,
  "initial_columns": 126,
  "final_columns": 222,
  "iterations": 48,
  "total_runtime_s": 201.38071340002352,
  "first5_itineraries_t": {
    "0": {
      "4": 83.0,
      "artificial": 0.0
    },
    "1": {
      "3": 0.0,
      "6": 0.0,
      "7": 0.0,
      "artificial": 0.0
    },
    "2": {
      "artificial": 15.0
    },
    "3": {
      "1": 96.0,
      "artificial": 0.0
    },
    "4": {
      "0": 0.0,
      "5": 26.304499999999997,
      "artificial": 0.0
    },
    "5": {
      "4": 29.050000000000004,
      "7": 0.0,
      "artificial": 0.0
    },
    "6": {
      "1": 0.0,
      "artificial": 0.0
    },
    "7": {
      "1": 0.0,
      "5": 91.0,
      "artificial": 0.0
    },
    "8": {
      "artificial": 34.0
    },
    "9": {
      "13": 23.0,
      "artificial": 0.0
    },
    "10": {
      "12": 2.0,
      "artificial": 0.0
    },
    "11": {
      "artificial": 55.0
    },
    "12": {
      "10": 0.0,
      "13": 0.0,
      "artificial": 0.0
    },
    "13": {
      "9": 0.0,
      "12": 0.0,
      "14": 0.0,
      "90": 0.0,
      "artificial": 0.0
    },
    "14": {
      "13": 13.0,
      "artificial": 0.0
    },
    "15": {
      "16": 217.3913043478261,
      "artificial": 12.728695652173883
    },
    "16": {
      "15": 52.0,
      "artificial": 0.0
    },
    "17": {
      "18": 267.85714285714283,
      "artificial": 324.14285714285717
    },
    "18": {
      "17": 0.0,
      "artificial": 17.0
    },
    "19": {
      "20": 0.0,
      "21": 0.0,
      "23": 0.0,
      "25": 0.0,
      "27": 0.0,
      "94": 0.0,
      "artificial": 0.0
    },
    "20": {
      "19": 92.0,
      "21": 0.0,
      "26": 0.0,
      "94": 0.0,
      "artificial": 0.0
    },
    "21": {
      "19": 0.0,
      "20": 0.0,
      "23": 0.0,
      "25": 0.0,
      "94": 0.0,
      "artificial": 0.0
    },
    "22": {
      "artificial": 1.0
    },
    "23": {
      "19": 0.0,
      "21": 0.0,
      "24": 0.0,
      "25": 0.0,
      "27": 0.0,
      "94": 0.0,
      "artificial": 0.0
    },
    "24": {
      "23": 81.81818181818181,
      "25": 45.18181818181819,
      "94": 0.0,
      "artificial": 0.0
    },
    "25": {
      "19": 0.0,
      "21": 0.0,
      "23": 0.0,
      "24": 0.0,
      "26": 0.0,
      "27": 0.0,
      "artificial": 0.0
    },
    "26": {
      "20": 0.0,
      "25": 56.0,
      "27": 0.0,
      "94": 0.0,
      "artificial": 0.0
    },
    "27": {
      "19": 0.0,
      "23": 0.0,
      "25": 58.0,
      "26": 0.0,
      "artificial": 0.0
    },
    "28": {
      "artificial": 221.0
    },
    "29": {
      "artificial": 0.0
    },
    "30": {
      "artificial": 60.0
    },
    "31": {
      "33": 0.0,
      "34": 0.0,
      "35": 0.0,
      "36": 98.41272727272727,
      "artificial": 0.0
    },
    "32": {
      "33": 0.0,
      "35": 0.0,
      "36": 0.0,
      "artificial": 0.0
    },
    "33": {
      "31": 0.0,
      "32": 0.0,
      "35": 0.0,
      "artificial": 0.0
    },
    "34": {
      "31": 232.3030303030303,
      "35": 69.69696969696969,
      "36": 0.0,
      "artificial": 0.0
    },
    "35": {
      "31": 0.0,
      "32": 0.0,
      "33": 0.0,
      "34": 0.0,
      "artificial": 0.0
    },
    "36": {
      "31": 0.0,
      "32": 0.0,
      "34": 0.0,
      "artificial": 0.0
    },
    "37": {
      "artificial": 61.0
    },
    "38": {
      "artificial": 75.0
    },
    "39": {
      "artificial": 159.0
    },
    "40": {
      "artificial": 6.0
    },
    "41": {
      "artificial": 159.0
    },
    "42": {
      "artificial": 42.0
    },
    "43": {
      "artificial": 42.0
    },
    "44": {
      "artificial": 0.0
    },
    "45": {
      "artificial": 24.0
    },
    "46": {
      "artificial": 39.0
    },
    "47": {
      "artificial": 41.0
    },
    "48": {
      "artificial": 337.0
    },
    "49": {
      "artificial": 78.0
    },
    "50": {
      "artificial": 27.0
    },
    "51": {
      "artificial": 61.0
    },
    "52": {
      "artificial": 76.0
    },
    "53": {
      "artificial": 42.0
    },
    "54": {
      "56": 0.0,
      "artificial": 0.0
    },
    "55": {
      "artificial": 56.0
    },
    "56": {
      "54": 0.0,
      "artificial": 0.0
    },
    "57": {
      "artificial": 147.0
    },
    "58": {
      "artificial": 62.0
    },
    "59": {
      "artificial": 79.0
    },
    "60": {
      "artificial": 34.0
    },
    "61": {
      "artificial": 81.0
    },
    "62": {
      "artificial": 5.0
    },
    "63": {
      "artificial": 27.0
    },
    "64": {
      "artificial": 159.0
    },
    "65": {
      "artificial": 6.0
    },
    "66": {
      "artificial": 29.0
    },
    "67": {
      "artificial": 87.38
    },
    "68": {
      "artificial": 0.0
    },
    "69": {
      "artificial": 152.0
    },
    "70": {
      "71": 55.0,
      "artificial": 0.0
    },
    "71": {
      "70": 0.0,
      "artificial": 8.0
    },
    "72": {
      "artificial": 17.0
    },
    "73": {
      "artificial": 72.0
    },
    "74": {
      "artificial": 2.0
    },
    "75": {
      "artificial": 112.62
    },
    "76": {
      "artificial": 7.0
    },
    "77": {
      "artificial": 20.0
    },
    "78": {
      "artificial": 151.0
    },
    "79": {
      "artificial": 0.0
    },
    "80": {
      "artificial": 594.0
    },
    "81": {
      "artificial": 11.0
    },
    "82": {
      "artificial": 135.0
    },
    "83": {
      "artificial": 83.0
    },
    "84": {
      "artificial": 0.0
    },
    "85": {
      "artificial": 337.0
    },
    "86": {
      "artificial": 89.0
    },
    "87": {
      "artificial": 135.0
    },
    "88": {
      "artificial": 151.0
    },
    "89": {
      "artificial": 45.0
    },
    "90": {
      "13": 0.0,
      "artificial": 0.0
    },
    "91": {
      "artificial": 433.0
    },
    "92": {
      "artificial": 291.0
    },
    "93": {
      "artificial": 66.0
    },
    "94": {
      "19": 0.0,
      "20": 0.0,
      "21": 80.0,
      "23": 0.0,
      "24": 0.0,
      "26": 0.0,
      "artificial": 0.0
    },
    "95": {
      "artificial": 358.0
    },
    "96": {
      "artificial": 177.0
    },
    "97": {
      "artificial": 60.0
    },
    "98": {
      "artificial": 397.0
    },
    "99": {
      "102": 38.0,
      "artificial": 0.0
    },
    "100": {
      "artificial": 6.0
    },
    "101": {
      "artificial": 67.0
    },
    "102": {
      "99": 81.0,
      "artificial": 0.0
    },
    "103": {
      "artificial": 176.0
    },
    "104": {
      "artificial": 0.0
    },
    "105": {
      "artificial": 64.0
    },
    "106": {
      "artificial": 0.0
    },
    "107": {
      "artificial": 56.0
    },
    "108": {
      "artificial": 208.0
    },
    "109": {
      "artificial": 217.38
    },
    "110": {
      "artificial": 128.0
    },
    "111": {
      "artificial": 211.0
    },
    "112": {
      "artificial": 64.0
    },
    "113": {
      "artificial": 34.0
    },
    "114": {
      "artificial": 16.0
    },
    "115": {
      "artificial": 34.0
    },
    "116": {
      "artificial": 60.0
    },
    "117": {
      "artificial": 25.0
    },
    "118": {
      "artificial": 49.0
    },
    "119": {
      "artificial": 0.0
    },
    "120": {
      "artificial": 0.0
    },
    "121": {
      "artificial": 13.0
    },
    "122": {
      "artificial": 3.0
    },
    "123": {
      "artificial": 12.0
    },
    "124": {
      "artificial": 12.0
    },
    "artificial": {
      "artificial": 0.0
    }
  },
  "first5_flights_duals": {
    "SS1002": 42.0,
    "SS1031": 0.0,
    "SS1060": 68.0,
    "SS1105": 43.0,
    "SS1134": 56.0
  }
}